City_ID,City,Cloudiness,Country,Date,Humidity,Lat,Lng,Max Temp,Wind Speed
0,leningradskiy,100,RU,1577296858,92,69.38,178.42,-9.6,17.6
1,rikitea,100,PF,1577296780,76,-23.12,-134.97,73.83,5.5
2,egvekinot,23,RU,1577296832,93,66.32,-179.17,-22.77,6.8
3,cape town,40,ZA,1577296688,63,-33.93,18.42,66.0,13.87
4,cockburn town,89,TC,1577296844,74,21.46,-71.14,78.1,18.9
5,punta arenas,75,CL,1577296785,50,-53.16,-70.91,55.4,36.91
6,kalety,100,PL,1577297064,95,50.56,18.89,39.0,1.01
7,butaritari,99,KI,1577297064,73,3.07,172.79,83.7,4.56
8,vaini,60,IN,1577296779,82,15.34,74.49,71.35,2.91
9,tarko-sale,76,RU,1577297064,78,64.92,77.78,-20.99,6.69
10,flin flon,90,CA,1577296826,92,54.77,-101.88,10.4,6.93
11,new norfolk,90,AU,1577297064,93,-42.78,147.06,57.0,1.12
12,albany,90,US,1577296821,47,42.65,-73.75,39.99,6.93
13,barrow,30,AR,1577297064,20,-38.31,-60.23,79.45,0.36
14,katobu,79,ID,1577297065,89,-4.94,122.53,76.6,0.83
15,mar del plata,19,AR,1577296847,27,-46.43,-67.52,70.18,34.52
16,kalmunai,6,LK,1577297050,81,7.42,81.82,80.26,15.19
17,traiguen,1,CL,1577297065,30,-38.25,-72.68,71.98,11.59
18,lodja,99,CD,1577297065,97,-3.52,23.6,68.97,1.95
19,vao,100,EE,1577296831,93,59.1,26.19,35.51,5.86
20,codrington,40,AU,1577297065,93,-28.95,153.24,71.6,4.23
21,namibe,57,AO,1577296807,87,-15.19,12.15,74.52,14.47
22,lorengau,100,PG,1577296843,75,-2.02,147.27,83.77,16.6
23,barmer,0,IN,1577297016,18,25.74,71.4,62.58,11.05
24,bontang,85,ID,1577297066,84,0.12,117.47,79.39,2.95
25,vila velha,40,BR,1577297066,55,-3.71,-38.6,89.6,19.46
26,sisimiut,0,GL,1577296840,58,66.94,-53.67,5.97,6.11
27,tasiilaq,0,GL,1577296790,57,65.61,-37.64,23.0,5.82
28,greenwood,98,CA,1577297066,57,49.09,-118.68,32.0,1.48
29,attert,75,LU,1577297066,86,49.75,5.79,44.01,6.93
30,bambous virieux,75,MU,1577296780,83,-20.34,57.76,80.6,17.22
31,karoi,72,ZW,1577297067,59,-16.82,29.68,75.29,7.81
32,madang,0,CN,1577297067,68,35.32,102.79,9.82,2.24
33,moerai,0,PF,1577297067,73,-22.43,-151.33,72.86,19.82
34,pacific grove,20,US,1577297067,71,36.62,-121.92,51.8,11.41
35,kargasok,18,RU,1577297067,96,59.06,80.87,-19.35,9.69
36,ixtapa,75,MX,1577296854,61,20.71,-105.21,80.01,4.97
37,puerto ayora,75,EC,1577296797,54,-0.74,-90.35,84.2,12.75
38,ingraj bazar,4,IN,1577297068,49,25.0,88.15,59.95,5.06
39,saint-philippe,1,CA,1577296806,68,45.36,-73.48,28.99,10.29
40,atuona,9,PF,1577296788,78,-9.8,-139.03,80.17,22.26
41,port alfred,30,ZA,1577296806,85,-33.59,26.89,70.0,5.93
42,poronaysk,0,RU,1577296860,73,49.22,143.1,-0.63,5.73
43,ushuaia,75,AR,1577296801,50,-54.81,-68.31,57.2,17.22
44,katsuura,90,JP,1577296865,93,33.93,134.5,48.2,4.7
45,busselton,99,AU,1577296780,42,-33.64,115.35,71.01,10.8
46,mataura,92,NZ,1577296792,94,-46.19,168.86,46.0,1.07
47,laguna,40,BZ,1577296831,73,16.17,-88.94,77.0,4.7
48,clyde river,40,CA,1577296824,83,70.47,-68.59,-7.6,3.36
49,tomatlan,76,MX,1577296810,35,19.93,-105.25,89.15,3.09
50,boddam,90,GB,1577297069,86,57.47,-1.78,43.0,2.24
51,ponta do sol,37,BR,1577296787,65,-20.63,-46.0,79.5,3.51
52,vieux-habitants,20,GP,1577297069,62,16.06,-61.77,86.0,14.99
53,nikolskoye,90,RU,1577296792,100,59.7,30.79,37.99,6.71
54,qaanaaq,96,GL,1577296784,92,77.48,-69.36,-0.53,4.27
55,cherskiy,95,RU,1577296787,96,68.75,161.3,-30.64,5.32
56,georgetown,75,GY,1577296629,74,6.8,-58.16,86.0,9.17
57,saskylakh,8,RU,1577296790,96,71.97,114.09,-38.45,9.57
58,fort nelson,20,CA,1577296812,83,58.81,-122.69,-7.6,0.69
59,esperance,100,AU,1577297070,83,-33.86,121.89,71.6,12.75
60,anadyr,99,RU,1577297070,75,64.73,177.51,-18.0,6.71
61,provideniya,0,RU,1577296808,80,64.42,-173.23,-10.95,6.64
62,avarua,0,CK,1577296791,83,-21.21,-159.78,73.4,13.87
63,hasaki,75,JP,1577296847,80,35.73,140.83,37.4,2.24
64,pevek,100,RU,1577296808,99,69.7,170.27,-16.24,7.87
65,aksarka,84,RU,1577297070,99,66.56,67.8,-13.86,3.65
66,mombetsu,100,JP,1577297043,77,44.35,143.35,22.68,5.46
67,severo-kurilsk,100,RU,1577296854,92,50.68,156.12,18.64,37.29
68,dikson,7,RU,1577296797,98,73.51,80.55,-14.94,2.84
69,port macquarie,90,AU,1577297071,93,-31.43,152.91,64.99,6.4
70,waghai,71,IN,1577297071,78,20.77,73.5,68.4,1.83
71,tiksi,12,RU,1577296802,97,71.64,128.87,-29.63,1.59
72,yar-sale,78,RU,1577297071,98,66.83,70.83,-13.45,9.78
73,hambantota,0,LK,1577296807,81,6.12,81.12,80.37,16.49
74,pangkalanbuun,100,ID,1577297071,96,-2.68,111.62,74.17,2.82
75,khatanga,45,RU,1577296789,95,71.98,102.47,-23.67,9.46
76,skarnes,40,NO,1577297072,100,60.25,11.68,26.01,3.33
77,honiara,40,SB,1577296851,94,-9.43,159.96,71.6,2.24
78,necochea,60,AR,1577296830,42,-38.55,-58.74,75.0,5.99
79,ilulissat,0,GL,1577296600,39,69.22,-51.1,8.6,3.36
80,airai,61,TL,1577296809,90,-8.93,125.41,66.83,2.28
81,mandalay,18,MM,1577297072,87,21.98,96.08,59.0,3.36
82,kloulklubed,75,PW,1577296833,83,7.04,134.26,78.8,5.82
83,bluff,80,AU,1577296782,77,-23.58,149.07,74.53,9.46
84,arraial do cabo,20,BR,1577296786,65,-22.97,-42.02,84.2,11.41
85,tuatapere,100,NZ,1577296787,94,-46.13,167.69,46.0,1.5
86,ouallam,0,NE,1577297073,7,14.32,2.08,75.78,11.1
87,guerrero negro,59,MX,1577296791,60,27.97,-114.04,60.82,16.55
88,castro,90,CL,1577296793,82,-42.48,-73.76,55.4,2.24
89,pudozh,100,RU,1577297073,99,61.81,36.54,34.59,3.47
90,boralday,40,KZ,1577297073,85,43.36,76.86,12.2,4.47
91,trairi,28,BR,1577296863,39,-3.28,-39.27,93.22,13.13
92,vydrino,7,RU,1577297073,59,51.46,104.64,14.14,10.09
93,port hardy,40,CA,1577296786,100,50.7,-127.42,30.2,3.36
94,saquarema,20,BR,1577297074,65,-22.93,-42.51,84.2,11.41
95,bilibino,33,RU,1577296856,100,68.06,166.44,-27.76,0.6
96,arica,99,CL,1577297074,53,-18.48,-70.32,77.0,12.75
97,victoria,75,BN,1577296540,88,5.28,115.24,78.8,2.24
98,longyearbyen,75,NO,1577296853,78,78.22,15.63,14.0,25.28
99,tuktoyaktuk,90,CA,1577296780,67,69.44,-133.03,-25.6,11.41
100,sibu,75,MY,1577296933,94,2.29,111.83,77.0,1.41
101,torbay,90,CA,1577296829,92,47.66,-52.73,32.0,29.97
102,zeya,31,RU,1577297075,99,53.74,127.27,-33.57,0.98
103,balkanabat,0,TM,1577297075,28,39.51,54.36,52.05,4.0
104,kodiak,1,US,1577296793,54,39.95,-94.76,61.0,13.87
105,beyneu,22,KZ,1577297075,64,45.32,55.19,36.27,12.88
106,dulce nombre de culmi,1,HN,1577297075,46,15.08,-85.56,82.29,2.17
107,jamestown,0,AU,1577296787,39,-33.21,138.6,68.32,12.48
108,chino valley,75,US,1577297076,93,34.76,-112.45,42.01,6.93
109,merauke,81,ID,1577297076,91,-8.49,140.4,77.31,2.55
110,rawlins,90,US,1577296814,94,41.79,-107.24,32.0,6.93
111,morro bay,75,US,1577296845,76,35.37,-120.85,54.0,5.82
112,luderitz,37,NA,1577296831,90,-26.65,15.16,62.98,21.63
113,xining,7,CN,1577297076,89,36.62,101.77,4.53,1.21
114,verkhnevilyuysk,100,RU,1577297077,97,63.45,120.31,-23.46,6.67
115,altay,100,CN,1577297077,92,47.83,88.13,-0.54,2.82
116,upernavik,90,GL,1577296786,63,72.79,-56.15,8.87,8.59
117,tual,6,ID,1577297077,72,-5.67,132.75,84.18,6.26
118,aykhal,75,RU,1577297077,66,65.95,111.51,-29.2,8.95
119,baykit,100,RU,1577297077,99,61.68,96.39,-5.44,1.54
120,urucuca,75,BR,1577297077,79,-14.59,-39.28,84.2,5.82
121,abha,20,SA,1577296780,82,18.22,42.5,59.0,5.82
122,hilo,75,US,1577296631,78,19.71,-155.08,71.6,9.17
123,saldanha,100,PT,1577296789,73,41.42,-6.55,50.7,3.13
124,upington,20,ZA,1577297078,11,-28.46,21.24,89.6,12.75
125,yellowknife,90,CA,1577296795,84,62.45,-114.38,6.01,3.36
126,tecoanapa,20,MX,1577297078,70,16.99,-99.26,84.2,4.7
127,payo,100,ID,1577297078,94,-3.75,103.64,67.3,2.84
128,chokurdakh,100,RU,1577296813,96,70.62,147.9,-16.42,4.81
129,mossendjo,98,CG,1577297079,94,-2.95,12.72,74.59,2.66
130,geraldton,90,CA,1577296820,92,49.72,-86.95,17.6,11.41
131,pisco,36,PE,1577297079,30,-13.71,-76.2,73.0,8.05
132,tanete,99,ID,1577297079,94,-3.94,119.78,75.06,1.5
133,omboue,90,GA,1577297079,92,-1.57,9.26,77.41,3.94
134,kalga,0,RU,1577297079,98,50.92,118.9,-25.46,2.42
135,antofagasta,62,CL,1577296818,56,-23.65,-70.4,72.0,11.41
136,ayan,5,IR,1577297079,68,38.23,44.7,25.5,12.46
137,port shepstone,91,ZA,1577297080,97,-30.74,30.45,71.17,5.79
138,port elizabeth,20,US,1577296791,53,39.31,-74.98,52.0,3.0
139,dzhebariki-khaya,83,RU,1577297080,92,62.22,135.8,-46.1,0.65
140,najran,9,SA,1577297080,52,17.54,44.22,62.6,4.7
141,ossora,7,RU,1577297080,80,59.24,163.07,-0.49,8.21
142,okhotsk,51,RU,1577296783,76,59.36,143.24,-17.09,12.71
143,college,90,US,1577297080,82,64.86,-147.8,-11.0,2.01
144,akdepe,27,TM,1577297080,58,42.05,59.39,33.8,2.24
145,faya,20,SA,1577296857,82,18.39,42.45,59.0,5.82
146,itapetininga,0,BR,1577297081,38,-23.59,-48.05,85.84,1.92
147,cooma,37,AU,1577296833,93,-36.24,149.13,51.8,3.04
148,cabedelo,75,BR,1577297081,58,-6.97,-34.84,86.0,17.22
149,zychlin,90,PL,1577297081,93,52.24,19.63,39.99,4.7
150,souillac,19,FR,1577296823,87,45.6,-0.6,48.99,4.7
151,thompson,90,CA,1577296785,84,55.74,-97.86,-0.4,2.24
152,matara,100,BI,1577296818,95,-3.48,29.48,60.06,1.41
153,sinnamary,43,GF,1577297082,79,5.38,-52.96,80.26,13.65
154,kirakira,87,SB,1577296813,84,-10.46,161.92,74.71,4.54
155,kapaa,90,US,1577296791,100,22.08,-159.32,75.2,18.25
156,husavik,100,CA,1577296821,97,50.56,-96.99,19.99,2.46
157,touros,20,BR,1577296819,52,-5.2,-35.46,87.8,16.11
158,carlyle,90,CA,1577297082,92,49.63,-102.27,19.4,6.93
159,atar,0,MR,1577297082,6,20.52,-13.05,79.12,9.13
160,kieta,100,PG,1577296811,74,-6.22,155.63,80.8,6.73
161,vostok,46,RU,1577296856,88,46.45,135.83,-7.65,3.15
162,kahului,90,US,1577296653,100,20.89,-156.47,73.4,18.34
163,kabanjahe,40,ID,1577297083,94,3.1,98.49,78.8,4.7
164,acapulco,20,MX,1577296678,70,16.86,-99.88,84.2,4.7
165,dingle,100,PH,1577296848,89,11.0,122.67,73.27,3.18
166,hobart,90,AU,1577297071,93,-42.88,147.33,57.0,1.12
167,vardo,1,US,1577297083,56,39.62,-77.74,48.99,6.67
168,hermanus,41,ZA,1577296780,74,-34.42,19.24,64.0,8.99
169,ribeira grande,40,PT,1577297084,77,38.52,-28.7,64.4,23.04
170,hithadhoo,99,MV,1577296788,74,-0.6,73.08,82.72,3.96
171,zlobin,0,HR,1577297084,81,45.29,14.65,46.4,3.36
172,kaitangata,78,NZ,1577296799,85,-46.28,169.85,54.01,12.5
173,fortuna,1,US,1577296822,93,40.6,-124.16,46.99,5.82
174,namatanai,100,PG,1577296787,74,-3.66,152.44,82.74,6.11
175,walvis bay,48,NA,1577296799,80,-22.95,14.51,66.99,5.99
176,axim,0,GH,1577297084,67,4.87,-2.24,82.06,5.95
177,cruzeiro do sul,75,BR,1577297084,66,-7.63,-72.67,87.8,2.24
178,kaihua,100,CN,1577297084,97,29.14,118.41,52.0,2.26
179,puerto cabezas,75,NI,1577297085,74,14.04,-83.39,84.2,13.87
180,netrakona,7,BD,1577297085,57,24.88,90.72,59.09,4.43
181,atbasar,0,KZ,1577297085,76,51.81,68.36,4.59,7.2
182,astana,8,KZ,1577297085,77,51.13,71.43,5.0,8.95
183,chuy,0,UY,1577296788,52,-33.69,-53.46,81.45,12.21
184,creel,89,MX,1577297085,65,27.75,-107.63,46.45,13.8
185,san patricio,31,PY,1577296795,34,-26.98,-56.83,97.16,6.67
186,lompoc,40,US,1577296795,81,34.64,-120.46,54.0,6.93
187,sindor,100,RU,1577297086,95,62.87,51.9,9.5,5.35
188,rangapara,18,IN,1577297086,70,26.82,92.69,52.84,4.29
189,carnarvon,17,ZA,1577296833,25,-30.97,22.13,68.72,13.78
190,saint-augustin,90,CA,1577296818,62,45.63,-73.98,28.0,8.05
191,cayenne,75,GF,1577296842,70,4.94,-52.33,86.0,11.41
192,dudinka,40,RU,1577297086,75,69.41,86.18,-13.0,7.96
193,port lincoln,15,AU,1577296797,88,-34.72,135.86,62.8,11.97
194,nishihara,100,JP,1577297086,70,35.74,139.53,45.0,2.24
195,prince rupert,1,CA,1577297086,92,54.32,-130.32,30.2,4.7
196,bredasdorp,26,ZA,1577296631,52,-34.53,20.04,66.2,26.4
197,maromitsa,100,RU,1577297087,96,59.87,48.01,31.08,6.64
198,eyl,29,SO,1577297087,77,7.98,49.82,77.88,26.04
199,caravelas,87,BR,1577296838,68,-17.73,-39.27,83.26,15.82
200,jawhar,100,IN,1577297087,72,19.91,73.23,73.6,3.42
201,east london,75,ZA,1577296827,83,-33.02,27.91,71.6,5.82
202,blessington,75,IE,1577297087,93,53.17,-6.53,43.0,6.93
203,dunedin,66,NZ,1577296807,86,-45.87,170.5,55.0,7.0
204,chimore,60,BO,1577297087,65,-16.98,-65.13,89.31,3.76
205,brae,10,GB,1577296846,93,60.4,-1.35,39.2,4.7
206,port-cartier,20,CA,1577297087,56,50.03,-66.88,15.01,6.93
207,manono,100,CD,1577297088,95,-7.3,27.4,71.78,2.35
208,rawson,0,AR,1577296814,46,-43.3,-65.11,66.6,8.41
209,filadelfia,39,PY,1577297088,39,-22.35,-60.04,98.26,11.88
210,bam,0,IR,1577297088,32,29.11,58.36,55.35,2.39
211,saurimo,77,AO,1577297088,90,-9.66,20.4,69.64,4.03
212,cabo san lucas,20,MX,1577296784,60,22.89,-109.91,78.01,2.24
213,bathsheba,20,BB,1577297088,58,13.22,-59.52,87.8,18.34
214,sorong,100,ID,1577297089,96,-0.86,131.25,74.26,1.43
215,villaviciosa,95,ES,1577297089,67,43.48,-5.43,61.0,5.82
216,hovd,90,NO,1577296807,85,63.83,10.7,37.99,6.93
217,alofi,100,NU,1577296866,100,-19.06,-169.92,77.0,10.29
218,huarmey,34,PE,1577296791,48,-10.07,-78.15,81.25,11.97
219,lebu,66,ET,1577296799,66,8.96,38.73,61.03,4.34
220,nelson bay,0,AU,1577297089,82,-32.72,152.14,69.01,6.93
221,faanui,66,PF,1577296849,80,-16.48,-151.75,80.2,20.22
222,korem,7,ET,1577297089,82,12.51,39.52,54.41,2.77
223,lengshuitan,99,CN,1577297089,87,26.41,111.6,47.46,10.6
224,san andres,99,PH,1577297090,95,13.32,122.68,75.79,4.79
225,homer,90,US,1577296841,86,59.64,-151.54,27.0,6.93
226,charters towers,30,AU,1577297090,87,-20.07,146.27,73.45,10.27
227,nanortalik,100,GL,1577296858,59,60.14,-45.24,32.79,8.14
228,ancud,90,CL,1577296814,82,-41.87,-73.83,55.4,2.24
229,iqaluit,75,CA,1577296833,84,63.75,-68.52,8.6,3.36
230,irtyshskiy,92,RU,1577297090,95,58.33,68.13,7.07,5.7
231,chimbote,63,PE,1577297091,61,-9.08,-78.59,75.94,13.96
232,sept-iles,20,CA,1577296741,56,50.2,-66.38,15.01,6.93
233,viedma,0,AR,1577296820,25,-40.81,-62.99,72.16,13.18
234,stromness,90,CA,1577297091,61,42.87,-79.55,48.99,9.17
235,la reforma,75,MX,1577297091,56,25.08,-108.06,77.0,4.7
236,san carlos de bariloche,20,AR,1577297091,29,-41.13,-71.31,69.01,18.34
237,portland,75,US,1577297017,43,43.66,-70.25,35.6,2.13
238,agadez,0,NE,1577297091,17,16.97,7.99,77.0,18.34
239,narasaraopet,2,IN,1577297036,92,16.24,80.05,69.24,2.46
240,sola,100,TZ,1577296825,93,-3.17,33.8,66.27,8.21
241,coihaique,75,CL,1577296968,62,-45.58,-72.07,57.2,8.05
242,noumea,13,NC,1577296598,68,-22.28,166.46,78.01,2.24
243,coahuayana,0,MX,1577296839,33,18.62,-100.35,88.68,2.77
244,ellensburg,90,US,1577297092,69,47.0,-120.55,34.0,3.36
245,riviere-au-renard,75,CA,1577297092,62,49.0,-64.4,21.2,13.87
246,hofn,3,IS,1577297092,78,64.25,-15.21,40.59,9.93
247,padang,89,ID,1577297092,96,-0.92,100.36,68.13,2.95
248,pocone,4,BR,1577297092,32,-16.26,-56.62,101.16,7.49
249,kjopsvik,68,NO,1577297092,92,68.1,16.37,17.6,11.41
250,ahipara,50,NZ,1577296858,100,-35.17,173.16,57.99,14.72
251,smithers,90,CA,1577297093,85,54.78,-127.17,14.0,8.05
252,naze,0,NG,1577296814,31,5.43,7.07,84.85,1.95
253,manoel urbano,98,BR,1577297093,46,-8.84,-69.26,92.21,6.49
254,kayerkan,40,RU,1577297093,75,69.35,87.76,-13.0,5.12
255,kabompo,49,ZM,1577297093,78,-13.6,24.21,70.07,2.26
256,mount gambier,9,AU,1577297093,93,-37.83,140.78,50.0,8.05
257,san clemente,1,US,1577297093,76,33.43,-117.61,59.0,8.01
258,bandar,0,BD,1577297093,82,22.29,91.78,62.6,4.7
259,aksu,90,KZ,1577297094,92,52.04,76.93,17.6,15.66
260,talakan,38,RU,1577297094,97,50.29,130.28,-29.38,1.99
261,salalah,3,OM,1577296840,49,17.01,54.1,73.4,5.82
262,vung tau,3,VN,1577297094,85,10.35,107.08,73.78,6.31
263,nome,90,US,1577296860,68,30.04,-94.42,69.8,6.49
264,norman wells,20,CA,1577296837,75,65.28,-126.83,-18.4,6.93
265,calella,0,ES,1577297094,76,41.62,2.67,61.0,4.7
266,birkenfeld,75,DE,1577297094,100,49.65,7.16,44.01,5.82
267,bon accord,1,CA,1577297094,100,53.84,-113.41,15.01,9.17
268,santa maria,75,BR,1577297095,61,-16.02,-48.01,80.6,8.05
269,salinas,1,US,1577296875,81,36.67,-121.66,51.01,5.82
270,thinadhoo,100,MV,1577297095,70,0.53,72.93,83.28,2.26
271,shakawe,81,BW,1577296845,28,-18.36,21.84,84.97,4.94
272,siocon,93,PH,1577297095,97,11.03,124.04,75.99,6.38
273,benton harbor,1,US,1577297095,58,42.12,-86.45,57.2,11.41
274,los gatos,1,US,1577297045,81,37.23,-121.97,50.0,5.82
275,lisakovsk,0,KZ,1577297096,74,52.55,62.49,7.9,8.48
276,ekhabi,100,RU,1577297096,94,53.51,142.97,-7.06,20.67
277,syracuse,1,US,1577297091,69,43.05,-76.15,44.01,4.7
278,taoudenni,9,ML,1577297096,11,22.68,-3.98,75.6,7.11
279,subtanjalla,32,PE,1577297096,30,-14.02,-75.76,73.0,8.05
280,hurricane,1,US,1577297096,53,37.18,-113.29,45.0,12.75
281,madimba,40,CM,1577297096,79,4.42,9.93,86.0,2.24
282,chicama,20,PE,1577297096,73,-7.84,-79.15,71.6,13.87
283,yumen,13,CN,1577296860,51,40.29,97.04,12.45,13.24
284,canico,40,PT,1577297097,72,32.63,-16.85,68.0,20.8
285,zabol,0,IR,1577297097,65,31.03,61.49,44.6,4.7
286,port hedland,51,AU,1577296812,74,-20.31,118.58,87.8,14.99
287,chingirlau,54,KZ,1577297097,88,51.09,54.08,14.92,10.87
288,luganville,96,VU,1577297097,91,-15.51,167.18,71.35,2.13
289,weihai,100,CN,1577297097,74,37.5,122.11,36.52,15.39
290,baghdad,75,IQ,1577296822,59,33.3,44.38,62.6,19.46
291,garowe,32,SO,1577297097,42,8.41,48.48,76.46,13.96
292,carinhanha,95,BR,1577297098,42,-14.3,-43.77,91.35,6.82
293,kualakapuas,21,ID,1577297098,93,-3.01,114.39,75.97,1.48
294,karpogory,100,RU,1577297098,97,64.0,44.44,28.47,5.32
295,zhezkazgan,75,KZ,1577297098,84,47.8,67.71,6.8,8.95
296,cabinda,20,AO,1577297098,79,-5.56,12.19,84.2,6.93
297,ternate,75,PH,1577297098,94,14.29,120.72,77.0,4.7
298,hof,100,DE,1577297098,95,50.32,11.92,39.99,20.0
299,riyadh,0,SA,1577296862,44,24.63,46.72,60.8,3.36
300,buala,100,SB,1577297099,83,-8.15,159.59,76.48,4.47
301,rabo de peixe,40,PT,1577297099,59,37.8,-25.58,62.6,12.75
302,cidreira,0,BR,1577296811,81,-30.17,-50.22,75.42,9.98
303,socorro,75,US,1577297099,81,31.65,-106.3,55.4,15.9
304,lahij,2,YE,1577297099,63,13.06,44.88,76.05,8.81
305,tudor vladimirescu,40,RO,1577297099,93,45.56,27.65,37.4,8.05
306,srednekolymsk,100,RU,1577296835,97,67.46,153.71,-17.05,4.27
307,taft,100,PH,1577297099,86,11.9,125.42,81.28,9.08
308,tura,100,RU,1577296790,99,64.27,100.22,-14.44,1.54
309,kaspiysk,90,RU,1577297100,87,42.88,47.64,42.8,4.94
310,narsaq,73,GL,1577297100,29,60.91,-46.05,35.6,28.86
311,shimoda,75,JP,1577297100,61,34.7,138.93,48.2,5.82
312,burnie,0,AU,1577297100,89,-41.05,145.91,53.01,11.01
313,chapais,1,CA,1577296786,78,49.78,-74.86,10.4,6.93
314,saint-pierre,90,FR,1577297100,81,48.95,4.24,44.6,2.24
315,poum,40,MK,1577297100,59,41.28,20.71,37.4,4.7
316,anuradhapura,0,LK,1577297101,96,8.34,80.41,72.01,5.23
317,coquimbo,20,CL,1577296817,72,-29.95,-71.34,64.4,12.75
318,ust-kuyga,62,RU,1577296841,94,70.0,135.55,-34.31,3.2
319,magadan,1,RU,1577297101,75,59.56,150.8,-12.19,17.98
320,kapit,100,MY,1577297101,99,2.02,112.94,71.44,1.45
321,sao filipe,0,CV,1577296810,53,14.9,-24.5,78.15,14.83
322,vrangel,99,RU,1577297101,72,42.73,133.08,29.37,14.79
323,porto velho,96,BR,1577296889,74,-8.75,-63.87,86.0,4.7
324,zhigansk,1,RU,1577297102,92,66.77,123.37,-35.77,3.91
325,kumi,100,UG,1577297102,52,1.49,33.93,76.96,6.24
326,boa vista,75,BR,1577297073,62,2.82,-60.67,84.2,10.29
327,pontes e lacerda,42,BR,1577297102,44,-15.23,-59.33,94.35,6.4
328,maloy,58,ID,1577297102,94,1.0,118.1,74.21,1.74
329,boyolangu,100,ID,1577297102,87,-8.09,111.9,76.21,2.93
330,dakar,57,SN,1577296660,32,14.69,-17.45,84.2,10.29
331,hwange,60,ZW,1577297102,34,-18.35,26.5,83.7,3.74
332,alta floresta,100,BR,1577296810,78,-9.87,-56.08,82.4,3.36
333,launceston,90,AU,1577296827,87,-41.43,147.14,57.99,1.77
334,shiyan,67,CN,1577297103,35,32.65,110.78,39.54,8.63
335,nyurba,100,RU,1577297103,97,63.29,118.35,-18.85,5.7
336,ambon,100,FR,1577297103,87,47.55,-2.56,48.99,9.17
337,los reyes,0,MX,1577297103,38,20.15,-98.16,68.56,5.21
338,morozovsk,100,RU,1577297103,67,48.35,41.83,30.96,6.98
339,barra do garcas,40,BR,1577296921,52,-15.89,-52.26,91.4,2.24
340,verkhoyansk,60,RU,1577296824,97,67.55,133.39,-40.85,2.08
341,wageningen,90,NL,1577297104,100,51.98,5.66,46.99,3.36
342,lar,0,IR,1577297104,76,27.66,54.32,48.2,2.8
343,la sarre,59,CA,1577296814,85,48.8,-79.2,24.28,5.21
344,caxito,20,BR,1577297104,58,-22.65,-42.51,84.2,10.29
345,marquette,90,US,1577297104,100,46.54,-87.4,35.6,4.59
346,kathmandu,20,NP,1577296566,81,27.71,85.32,42.8,3.36
347,hualmay,94,PE,1577297105,57,-11.1,-77.61,76.12,11.07
348,pades,93,RO,1577296863,69,45.02,22.85,38.64,2.77
349,sao joao da barra,75,BR,1577296813,66,-21.64,-41.05,84.2,11.41
350,port blair,63,IN,1577296783,64,11.67,92.75,79.43,9.15
351,adrar,49,DZ,1577297105,30,27.87,-0.29,69.8,13.87
352,harper,90,US,1577296793,82,30.3,-99.24,62.01,13.87
353,seymchan,100,RU,1577297105,97,62.93,152.39,-30.53,3.02
354,bend,90,US,1577297105,68,44.06,-121.32,30.2,2.17
355,chumphon,7,TH,1577297106,98,10.5,99.18,70.81,1.5
356,vestmannaeyjar,88,IS,1577296817,74,63.44,-20.27,34.88,13.44
357,mahebourg,75,MU,1577296788,83,-20.41,57.7,80.6,17.22
358,jian,0,IN,1577297106,52,25.65,87.89,59.05,5.7
359,bethel,1,US,1577296787,69,60.79,-161.76,-11.2,14.99
360,jiuquan,76,CN,1577296807,38,39.73,98.49,12.06,4.61
361,naryan-mar,50,RU,1577297106,93,67.67,53.09,-12.66,8.7
362,kamaishi,34,JP,1577297106,92,39.28,141.86,37.4,8.08
363,pingliang,0,CN,1577297107,48,35.54,106.68,15.84,4.36
364,jamame,78,SO,1577297107,79,0.07,42.75,81.18,20.76
365,alvorada,20,BR,1577297107,30,-30.0,-51.08,100.0,9.17
366,westport,90,US,1577296923,64,41.14,-73.36,46.99,4.7
367,gonda,0,IN,1577297107,44,27.13,81.96,53.69,6.82
368,andros town,20,BS,1577297107,61,24.73,-77.79,77.0,12.75
369,kenora,90,CA,1577297108,92,49.76,-94.48,26.6,11.41
370,thunder bay,90,CA,1577296948,100,48.41,-89.26,35.01,12.75
371,resen,40,MK,1577297108,59,41.09,21.01,37.4,4.7
372,gulaothi,40,IN,1577297108,100,28.6,77.78,55.99,3.36
373,russell,1,US,1577297108,50,38.9,-98.86,60.01,18.34
374,bahia blanca,0,AR,1577297108,16,-38.72,-62.27,80.71,11.45
375,kavaratti,0,IN,1577297108,74,10.57,72.64,83.41,5.48
376,kisangani,100,CD,1577296860,85,0.52,25.21,75.56,3.04
377,kavieng,100,PG,1577296796,73,-2.57,150.8,83.86,14.63
378,el vigia,90,MX,1577297109,88,26.85,-109.72,70.0,3.36
379,sudak,67,UA,1577297109,90,44.85,34.97,47.43,0.72
380,alcantarilla,15,ES,1577297109,87,37.97,-1.22,61.0,2.46
381,flinders,15,AU,1577296792,100,-34.58,150.85,69.01,6.96
382,maragogi,7,BR,1577297109,76,-9.01,-35.22,80.65,15.68
383,novyy urgal,2,RU,1577297109,96,51.07,132.56,-34.28,0.6
384,khandyga,55,RU,1577297109,92,62.65,135.58,-47.54,1.25
385,havoysund,58,NO,1577296837,68,71.0,24.66,30.2,23.04
386,kulhudhuffushi,100,MV,1577297110,78,6.62,73.07,83.44,17.98
387,talnakh,40,RU,1577296849,75,69.49,88.39,-13.0,7.25
388,san cristobal,41,HN,1577297110,51,14.68,-86.92,79.56,3.13
389,saint-joseph,0,FR,1577296840,93,43.56,6.97,57.2,3.36
390,varhaug,75,NO,1577297110,93,58.61,5.65,39.2,2.24
391,maniitsoq,0,GL,1577297110,47,65.42,-52.9,18.1,3.51
392,grand gaube,75,MU,1577296840,83,-20.01,57.66,80.6,17.22
393,ales,0,FR,1577296624,57,44.13,4.08,52.0,5.82
394,shrirangapattana,16,IN,1577297111,89,12.41,76.7,67.66,5.68
395,rapid valley,90,US,1577297111,92,44.06,-103.15,42.8,5.82
396,kakching,1,IN,1577297111,70,24.5,93.98,44.15,0.96
397,mungaa,100,TZ,1577297111,92,-4.97,34.86,65.97,4.16
398,mchinji,100,MW,1577297111,88,-13.8,32.89,71.13,3.53
399,vila franca do campo,40,PT,1577296857,67,37.72,-25.43,60.8,14.99
400,broken hill,0,AU,1577296829,26,-31.97,141.45,80.6,11.41
401,pangody,95,RU,1577296826,98,65.85,74.49,-9.71,8.68
402,tianpeng,100,CN,1577297111,78,28.88,112.34,47.05,18.77
403,constitucion,5,MX,1577296807,36,23.99,-104.67,63.0,10.29
404,yatou,40,CM,1577296825,79,3.63,9.81,86.0,2.24
405,beringovskiy,59,RU,1577297112,97,63.05,179.32,-11.18,13.62
406,lodhran,0,PK,1577297112,26,29.54,71.63,57.85,1.86
407,ostrovnoy,100,RU,1577296835,94,68.05,39.51,10.15,2.75
408,kwinana,87,AU,1577297112,94,-32.25,115.77,72.0,5.82
409,babugarh,0,IN,1577297112,49,28.72,77.85,51.26,5.64
410,kruisfontein,98,ZA,1577296789,84,-34.0,24.73,61.11,8.99
411,borogontsy,73,RU,1577297112,96,62.67,131.17,-43.37,2.51
412,sturgeon falls,90,CA,1577297112,73,46.36,-79.93,28.0,10.29
413,vestmanna,0,FO,1577297113,93,62.16,-7.17,35.6,1.12
414,bayan,14,CN,1577297113,69,36.1,102.26,6.76,2.66
415,clifton,1,US,1577296896,45,40.86,-74.16,46.99,3.18
416,samarai,33,PG,1577297113,91,-10.62,150.67,74.57,2.42
417,guna,25,IN,1577297113,62,24.65,77.32,55.47,7.61
418,kimbe,48,PG,1577297113,93,-5.56,150.15,75.2,1.07
419,la ronge,90,CA,1577296784,92,55.1,-105.3,19.4,3.36
420,alice springs,1,AU,1577296842,19,-23.7,133.88,87.8,4.7
421,topeka,1,US,1577296819,42,39.05,-95.68,64.0,18.34
422,warrnambool,0,AU,1577296855,86,-38.38,142.48,57.99,10.49
423,iwata,75,JP,1577297114,61,34.71,137.85,50.0,5.82
424,aklavik,90,CA,1577296812,68,68.22,-135.01,-18.4,9.17
425,zhangzhou,90,CN,1577297114,88,24.51,117.65,64.4,2.24
426,haaksbergen,90,NL,1577297104,100,52.16,6.73,46.0,3.36
427,shrewsbury,90,US,1577297114,48,39.77,-76.68,48.0,4.7
428,san juan,5,AR,1577297114,24,-31.54,-68.53,79.0,16.02
429,alugan,100,PH,1577297115,86,12.22,125.48,81.28,9.08
430,karaidel,71,RU,1577297115,74,55.83,56.91,11.82,2.33
431,qaqortoq,96,GL,1577296817,29,60.72,-46.03,35.6,28.86
432,huron,90,US,1577297115,92,44.36,-98.21,28.4,10.29
433,mandera,0,ET,1577297115,11,3.94,41.86,75.0,7.99
434,szczecinek,100,PL,1577297115,96,53.71,16.69,39.0,4.76
435,wufeng,100,CN,1577297115,95,27.44,104.87,36.43,5.44
436,nsanje,100,MZ,1577297115,65,-16.92,35.26,82.27,3.74
437,puteyets,85,RU,1577297116,94,65.17,57.09,-9.2,2.8
438,jardim,10,BR,1577297116,42,-21.48,-56.15,95.4,5.59
439,zyryanka,100,RU,1577297116,97,65.73,150.89,-21.48,9.69
440,lakes entrance,0,AU,1577297116,95,-37.88,147.99,55.99,4.47
441,bulungu,97,CD,1577297116,87,-4.54,18.6,75.11,1.01
442,havre-saint-pierre,1,CA,1577297116,52,50.23,-63.6,15.8,6.93
443,carutapera,68,BR,1577296845,79,-1.2,-46.02,83.26,21.0
444,sfantu gheorghe,100,RO,1577297117,93,44.65,26.83,46.0,3.36
445,rotifunk,0,SL,1577297117,64,8.23,-12.68,83.34,8.19
446,hailun,87,CN,1577297117,88,47.46,126.97,-6.11,3.22
447,kozhevnikovo,72,RU,1577297117,84,56.26,83.98,6.01,5.53
448,dzaoudzi,99,YT,1577297094,94,-12.79,45.27,78.8,18.14
449,villa guerrero,100,MX,1577297117,44,21.98,-103.59,68.14,3.91
450,bud,98,NO,1577296829,100,62.91,6.91,39.2,5.82
451,karratha,28,AU,1577297117,72,-20.74,116.85,86.76,17.56
452,aliwal north,83,ZA,1577297117,36,-30.69,26.71,75.87,8.66
453,fiche,3,ET,1577297118,43,9.77,38.74,66.9,6.91
454,monywa,7,MM,1577297118,70,22.12,95.13,65.08,3.2
455,tezu,61,IN,1577297118,58,27.93,96.16,54.43,2.8
456,natal,40,BR,1577296841,55,-5.81,-35.21,87.8,24.16
457,palembang,100,ID,1577297118,96,-2.99,104.76,74.59,3.06
458,waipawa,99,NZ,1577296791,92,-39.94,176.59,53.01,1.36
459,venice,90,US,1577297118,78,27.1,-82.45,81.0,6.93
460,sangar,8,RU,1577296791,96,63.92,127.47,-44.57,1.86
461,camocim,57,BR,1577297118,49,-2.9,-40.84,91.02,12.82
462,inirida,84,CO,1577296822,55,3.87,-67.92,90.91,1.28
463,nianzishan,0,CN,1577297119,75,47.51,122.88,-7.06,4.21
464,hokitika,0,NZ,1577297119,81,-42.72,170.96,55.44,6.96
465,comodoro rivadavia,75,AR,1577297119,25,-45.87,-67.48,73.4,31.09
466,athabasca,33,CA,1577297119,85,54.72,-113.29,10.71,5.32
467,saint george,40,GR,1577296787,61,39.45,22.34,46.4,5.82
468,laborie,0,FR,1577297119,75,44.77,2.02,43.0,2.24
469,enumclaw,75,US,1577297120,86,47.2,-121.99,41.0,1.14
470,puerto leguizamo,67,CO,1577297120,54,-0.19,-74.78,90.19,1.32
471,paamiut,12,GL,1577296780,45,61.99,-49.67,27.28,9.55
472,taman,20,RU,1577297120,87,45.22,36.72,50.0,6.71
473,erenhot,96,CN,1577297120,95,43.65,111.97,12.51,5.75
474,kribi,1,CM,1577297120,80,2.94,9.91,80.42,7.74
475,oksfjord,62,NO,1577297048,68,70.24,22.35,33.8,23.04
476,calbuco,75,CL,1577297120,51,-41.77,-73.13,62.6,6.93
477,mangan,69,IN,1577297121,67,27.5,88.54,35.62,2.57
478,puerto colombia,40,CO,1577296676,66,10.99,-74.96,87.8,9.17
479,komsomolskiy,48,RU,1577296819,98,67.55,63.78,-22.29,3.31
480,sitka,69,US,1577297121,51,37.17,-99.65,55.0,15.01
481,stockholm,90,SE,1577297042,100,59.33,18.07,39.0,4.7
482,cervo,20,BR,1577297121,51,-22.19,-46.24,84.2,2.04
483,cherkasskoye,89,RU,1577297121,96,52.43,47.21,15.8,5.73
484,gushikawa,20,JP,1577297121,88,26.35,127.87,71.6,4.7
485,oktyabrskoye,40,RU,1577296785,77,56.73,85.44,6.01,8.95
486,tilichiki,100,RU,1577297122,98,60.47,166.1,-3.15,8.05
487,barentu,0,ER,1577297122,29,15.11,37.59,71.73,8.63
488,bermeo,40,ES,1577297122,66,43.42,-2.72,63.0,2.24
489,wairoa,100,NZ,1577297122,99,-39.04,177.43,57.0,1.01
490,los llanos de aridane,100,ES,1577296657,77,28.66,-17.92,69.8,9.17
491,shimanovsk,27,RU,1577297122,97,52.0,127.67,-28.01,3.33
492,xichang,37,CN,1577297122,90,27.88,102.25,27.39,7.09
493,banjarmasin,84,ID,1577297122,81,-3.32,114.59,81.12,6.13
494,omsukchan,100,RU,1577297122,98,62.53,155.8,-30.24,4.76
495,taitung,42,TW,1577296909,70,22.76,121.15,52.14,3.83
496,tabou,0,CI,1577297123,74,4.42,-7.36,81.64,4.74
497,buin,25,CL,1577297123,34,-33.73,-70.74,82.0,4.7
498,saint-ambroise,20,CA,1577297123,72,48.56,-71.32,17.01,8.05
499,kargil,0,PK,1577297123,72,34.56,76.13,-18.81,3.47
500,mitikas,20,GR,1577297123,57,38.67,20.95,51.8,4.7
501,margate,90,AU,1577297123,93,-43.03,147.26,57.0,1.12
502,lakatoro,91,VU,1577297123,79,-16.11,167.42,78.44,14.07
503,ibra,0,OM,1577296828,41,22.69,58.55,65.48,9.86
504,ponta delgada,40,PT,1577296862,67,37.73,-25.67,60.8,14.99
505,batagay-alyta,72,RU,1577296832,54,67.8,130.41,-26.43,0.74
506,misratah,0,LY,1577297124,69,32.38,15.09,64.65,24.76
507,mayo,90,CA,1577297124,84,63.59,-135.9,-2.2,3.51
508,promyshlennyy,48,RU,1577297124,98,67.58,63.92,-22.29,3.31
509,sechura,26,PE,1577296834,93,-5.56,-80.82,68.4,14.45
510,mbandaka,97,CD,1577297124,67,0.05,18.26,79.65,2.19
511,mata,100,PT,1577297124,71,40.68,-7.46,57.99,1.01
512,sambava,100,MG,1577297124,99,-14.27,50.17,73.98,1.79
513,itoman,20,JP,1577296868,88,26.12,127.67,71.6,4.7
514,freeport,20,BS,1577297124,88,26.54,-78.7,73.4,12.75
515,milton,0,AU,1577296996,100,-35.32,150.44,61.0,8.32
516,imbituba,40,BR,1577297125,70,-28.24,-48.67,86.0,17.22
517,at-bashi,0,KG,1577297125,40,41.17,75.81,-0.71,2.66
518,itarema,30,BR,1577297125,50,-2.92,-39.92,90.21,18.07
519,imperia,75,IT,1577297125,81,43.88,8.02,53.6,6.93
520,nouadhibou,0,MR,1577297125,7,20.93,-17.03,86.0,4.7
521,stepnogorsk,72,KZ,1577297125,75,52.35,71.88,10.06,17.22
522,ouadda,0,CF,1577296823,24,8.07,22.4,78.26,7.67
523,quiruvilca,40,PE,1577297126,53,-7.37,-78.8,71.6,8.05
524,farmington,40,US,1577297073,86,36.73,-108.21,37.99,3.36
525,krasnogorskiy,100,RU,1577297126,96,55.39,83.61,5.32,5.68
526,ekuvukeni,42,ZA,1577297126,41,-28.47,30.16,81.7,9.42
527,bijie,100,CN,1577297126,93,27.3,105.3,39.34,7.18
528,ploemeur,90,FR,1577297126,87,47.73,-3.43,48.99,11.41
529,kununurra,22,AU,1577297126,74,-15.77,128.74,84.2,5.82
530,ajdabiya,88,LY,1577297126,70,30.75,20.22,64.15,19.8
531,springfield,1,US,1577297053,51,42.1,-72.59,42.01,5.39
532,lagoa,100,PT,1577296833,82,37.14,-8.45,63.0,5.21
533,ormara,0,PK,1577296854,42,25.21,64.64,72.7,5.35
